{
	"REGENWALD_FEUER": {
		"TEXT": "Der Regenwald steht in Flammen! \n Wir müssen sodort handeln:",
		"GUIDE": "Harald Leshy",
		"KOMMENTAR": "Kerosin kostet zu viel!",
		"B1": "Gedanken & Gebete!",
		"B2": "Löschflugzeuge schicken",
		"Food1": 50000,
		"Energy1": 220,
		"Wood1": 440,
		"CO2_1": 0,
		"Food2": 50000,
		"Energy2": -50000,
		"Wood2": -50000,
		"CO2_2": 1000
	},
	"DEPRESSION": {
		"TEXT": "Alles ist Mist",
		"GUIDE": "Al'ien Gore",
		"KOMMENTAR": "Kerosin kostet zu viel!",
		"B1": "Gib auf...",
		"B2": "Baue einen Killdozer",
		"Food1": 0,
		"Energy1": 0,
		"Wood1": 22220,
		"CO2_1": 0,
		"Food2": 0,
		"Energy2": 0,
		"Wood2": 22220,
		"CO2_2": 0
	}
}
